thread_id,start_time,end_time,execution_time
0,1729550190878497157,1729550190878731050,0.000234
4,1729550190878543568,1729550190878800043,0.000256
3,1729550190878529488,1729550190878786811,0.000257
1,1729550190878518374,1729550190878758581,0.000240
5,1729550190878559125,1729550190878819397,0.000260
7,1729550190878590705,1729550190878843810,0.000253
2,1729550190878609263,1729550190878885970,0.000277
6,1729550190878609260,1729550190878885973,0.000277
