thread_id,start_time,end_time,execution_time
2,1729550190880216701,1729550190880532028,0.000315
1,1729550190880194141,1729550190880541788,0.000348
0,1729550190880171313,1729550190880673014,0.000502
3,1729550190880230827,1729550190880739443,0.000509
