thread_id,start_time,end_time,execution_time
2,1730546465635446107,1730546465635864595,0.000418
0,1730546465635356746,1730546465636015822,0.000659
1,1730546465635402316,1730546465636077822,0.000676
4,1730546465635518560,1730546465636244623,0.000726
5,1730546465635559094,1730546465636267628,0.000709
6,1730546465635642644,1730546465636381494,0.000739
3,1730546465635466139,1730546465636244117,0.000778
7,1730546465636308022,1730546465636821512,0.000513
